Time_Hour,169,220,236,101,146,189,84,192,8,53,116,159,69,223,169F,220F,236F,101F,146F,189F,84F,192F,8F,53F,116F,159F,69F,223F
0.166944,0.02225,0.0364,0.03405,0.02865,0.05355,0.0319,0.05675,0.04235,0.03485,0.03835,0.0548,0.0611,0.05025,0.04975,0.01795,0.0119,0.0134,0.0268,0.04585,0.0122,0.0446,0.02455,0.02235,0.06765,0.0549,0.0346,0.0501,0.0345
0.333889,0.0317,0.05615,0.0448,0.0406,0.0854,0.04625,0.08245,0.0688,0.0545,0.05845,0.08705,0.0869,0.06975,0.0664,0.0222,0.011,0.00565,0.0451,0.07105,0.0211,0.06575,0.03365,0.0258,0.0923,0.0793,0.05055,0.07685,0.05175
0.500833,0.0443,0.06985,0.05475,0.05265,0.1111,0.06,0.10115,0.0879,0.07015,0.071,0.11105,0.1041,0.09115,0.0858,0.0328,0.017,0.01085,0.05095,0.0874,0.0302,0.08085,0.0452,0.02885,0.1089,0.09745,0.0606,0.0892,0.06555
0.6675,0.057,0.08165,0.0691,0.0699,0.1334,0.0709,0.12405,0.09945,0.073,0.0793,0.1295,0.116,0.10395,0.09525,0.0404,0.0287,0.0183,0.0508,0.0952,0.03315,0.08875,0.04775,0.0377,0.1153,0.1113,0.07745,0.09795,0.06265
0.834444,0.07065,0.09565,0.0798,0.08145,0.15725,0.0787,0.13785,0.1126,0.08085,0.08245,0.1347,0.12775,0.1192,0.10985,0.0463,0.0271,0.0158,0.0604,0.09705,0.03855,0.10165,0.05315,0.0405,0.13205,0.12125,0.0796,0.1084,0.07155
1.001111,0.06855,0.10225,0.08175,0.08275,0.1713,0.08935,0.14135,0.1228,0.0914,0.0915,0.14525,0.13285,0.1216,0.12165,0.04325,0.01965,0.01155,0.0646,0.1114,0.0473,0.1067,0.0606,0.0377,0.1394,0.12655,0.0829,0.1142,0.0768
1.167778,0.0777,0.10585,0.08565,0.07955,0.18065,0.10245,0.1509,0.1283,0.09775,0.10105,0.16095,0.14105,0.1316,0.13515,0.0471,0.0151,0.0157,0.07025,0.1273,0.0566,0.1154,0.06785,0.04125,0.149,0.1357,0.092,0.1279,0.08345
1.334722,0.0782,0.112,0.09475,0.07695,0.19345,0.11005,0.16995,0.14055,0.10295,0.117,0.17285,0.1586,0.13365,0.14285,0.05205,0.0236,0.02095,0.06895,0.1353,0.0581,0.127,0.07285,0.0544,0.154,0.1512,0.10665,0.137,0.09055
1.501667,0.0819,0.11565,0.09855,0.0787,0.2082,0.11675,0.1664,0.145,0.10695,0.11415,0.1727,0.1568,0.13195,0.14775,0.05615,0.025,0.02295,0.0678,0.13945,0.0624,0.1348,0.0701,0.0519,0.16235,0.1543,0.10565,0.1361,0.10005
1.668611,0.08905,0.12115,0.10165,0.0748,0.2148,0.1198,0.16705,0.14975,0.11465,0.1165,0.1863,0.1579,0.1316,0.15015,0.0609,0.02915,0.02575,0.0704,0.1519,0.06885,0.1378,0.0767,0.0496,0.17475,0.16025,0.11585,0.1361,0.10835
1.835278,0.0966,0.1276,0.1024,0.0804,0.2197,0.1201,0.17785,0.15095,0.11595,0.12345,0.19615,0.173,0.14635,0.15935,0.0639,0.0233,0.02105,0.0815,0.162,0.0794,0.1494,0.0851,0.0631,0.18025,0.17365,0.1308,0.14615,0.1152
2.002222,0.0958,0.1333,0.1065,0.0751,0.23515,0.12935,0.1749,0.151,0.11925,0.119,0.19275,0.16795,0.14625,0.15895,0.06235,0.02885,0.02135,0.0695,0.1611,0.0756,0.1512,0.08915,0.05995,0.1875,0.1755,0.1267,0.1485,0.1182
2.168889,0.09975,0.1381,0.1115,0.07765,0.22665,0.13385,0.18025,0.1632,0.1169,0.1238,0.1976,0.18075,0.14065,0.15875,0.0665,0.03595,0.02315,0.08055,0.17195,0.08135,0.16655,0.089,0.07195,0.1952,0.18525,0.13945,0.1409,0.1122
2.335555,0.10695,0.14495,0.1141,0.0741,0.2447,0.13705,0.17295,0.16145,0.1227,0.12185,0.20235,0.1736,0.13955,0.1589,0.07165,0.04175,0.0248,0.07395,0.1705,0.08235,0.16135,0.09745,0.07,0.19675,0.1892,0.13915,0.14325,0.1183
2.502222,0.1176,0.14965,0.1195,0.07285,0.2432,0.13225,0.184,0.169,0.1194,0.1262,0.20745,0.1869,0.14265,0.15905,0.0742,0.04985,0.0264,0.0803,0.17435,0.08515,0.1716,0.0955,0.08105,0.1978,0.198,0.1452,0.1446,0.1153
2.668889,0.10985,0.14945,0.11335,0.0802,0.23875,0.14465,0.1872,0.16215,0.1233,0.1226,0.2182,0.1865,0.1433,0.16105,0.0728,0.0442,0.0256,0.0853,0.18595,0.0856,0.1721,0.10645,0.08955,0.1944,0.19825,0.15605,0.1452,0.1212
2.835833,0.12585,0.1516,0.1221,0.07055,0.24475,0.13815,0.1875,0.1744,0.12115,0.12965,0.2219,0.1971,0.1507,0.1665,0.0796,0.05005,0.02745,0.07985,0.1803,0.0893,0.17325,0.10125,0.08685,0.1977,0.2047,0.15905,0.1525,0.12265
3.002778,0.12705,0.1482,0.1242,0.0673,0.2501,0.14485,0.1911,0.16735,0.12565,0.12705,0.22705,0.19365,0.14935,0.1615,0.08435,0.0593,0.0332,0.07555,0.1757,0.08845,0.17265,0.1085,0.08955,0.1942,0.20455,0.16445,0.15565,0.1201
3.169444,0.12185,0.15295,0.1142,0.0743,0.24585,0.14915,0.1925,0.17115,0.12205,0.1308,0.225,0.2047,0.1497,0.1648,0.082,0.04895,0.0289,0.0844,0.1866,0.0911,0.1781,0.1078,0.09235,0.19665,0.20845,0.15735,0.1565,0.12165
3.336389,0.1239,0.14565,0.1073,0.0733,0.24735,0.1457,0.1859,0.16965,0.11875,0.12615,0.2174,0.1989,0.1414,0.16555,0.0805,0.0499,0.0291,0.0873,0.18445,0.09515,0.1648,0.1103,0.08335,0.19655,0.20365,0.1538,0.16085,0.12935
3.503333,0.1193,0.1494,0.10275,0.0725,0.2466,0.1481,0.2008,0.1723,0.121,0.13675,0.22965,0.20805,0.1443,0.16895,0.08215,0.0564,0.0309,0.0858,0.18645,0.0965,0.1798,0.10925,0.0941,0.19615,0.21175,0.16335,0.15615,0.1281
3.670278,0.11915,0.1424,0.1011,0.06355,0.25505,0.1449,0.2052,0.17425,0.1223,0.138,0.22415,0.20935,0.14555,0.1667,0.07845,0.0598,0.03365,0.07425,0.17405,0.0991,0.18015,0.11025,0.0937,0.1966,0.2092,0.15855,0.16115,0.1302
3.836944,0.1221,0.13515,0.0998,0.06625,0.2519,0.1483,0.2079,0.1735,0.1245,0.14345,0.2299,0.2057,0.1443,0.16605,0.08045,0.0623,0.03435,0.07755,0.18025,0.09905,0.1786,0.1094,0.0956,0.1951,0.2145,0.16805,0.16015,0.1285
4.003611,0.12915,0.1338,0.09485,0.06625,0.2511,0.14575,0.2103,0.17055,0.1265,0.1455,0.2327,0.20225,0.14475,0.1639,0.085,0.05385,0.03185,0.08745,0.1842,0.1037,0.1782,0.1103,0.096,0.19625,0.21465,0.1711,0.15965,0.1232
4.170555,0.13405,0.13455,0.0971,0.06165,0.25205,0.14805,0.2198,0.1758,0.1285,0.15075,0.23725,0.209,0.1518,0.16355,0.0871,0.058,0.03325,0.0844,0.18145,0.1037,0.1827,0.11015,0.09815,0.19335,0.216,0.1706,0.15625,0.12385
4.337778,0.12875,0.13295,0.0868,0.0671,0.2593,0.1595,0.228,0.17825,0.13045,0.15985,0.2385,0.2157,0.1547,0.15895,0.08625,0.06685,0.0346,0.07405,0.1773,0.10235,0.17905,0.1081,0.09495,0.1971,0.2117,0.15865,0.1563,0.1308
4.504722,0.12765,0.135,0.0829,0.0741,0.257,0.1637,0.2322,0.17115,0.1285,0.1662,0.2456,0.221,0.16445,0.16025,0.0854,0.06165,0.03215,0.0874,0.18645,0.1037,0.1779,0.1086,0.0936,0.19555,0.21395,0.1647,0.15295,0.1251
4.671389,0.12465,0.1386,0.07485,0.0724,0.26085,0.1701,0.23945,0.1645,0.1314,0.16685,0.25295,0.22245,0.18,0.1654,0.08485,0.0666,0.03555,0.0713,0.17785,0.1006,0.1781,0.1128,0.0974,0.1964,0.2126,0.1731,0.1591,0.1227
4.838333,0.1321,0.15155,0.0773,0.07805,0.2614,0.16925,0.25,0.16145,0.13685,0.16955,0.2564,0.22985,0.18805,0.16605,0.09285,0.0639,0.0357,0.08585,0.1847,0.10675,0.17445,0.11525,0.09745,0.19915,0.2122,0.17365,0.15665,0.1306
5.005278,0.12525,0.1553,0.07155,0.0792,0.26505,0.17785,0.27535,0.16985,0.14065,0.17805,0.2709,0.24185,0.20735,0.17225,0.09105,0.0683,0.03265,0.08005,0.18185,0.10715,0.181,0.11225,0.09565,0.19185,0.21485,0.167,0.1568,0.12565
5.171944,0.12595,0.17275,0.0748,0.0908,0.2638,0.19685,0.28645,0.1644,0.14515,0.1802,0.2803,0.2431,0.21855,0.1779,0.08735,0.0645,0.03305,0.0831,0.1895,0.1052,0.1837,0.11515,0.1009,0.19445,0.2136,0.17445,0.155,0.1261
5.338611,0.11925,0.18545,0.066,0.09345,0.26255,0.2146,0.30455,0.17845,0.15305,0.18435,0.29015,0.2512,0.23995,0.18895,0.08805,0.06535,0.0324,0.07775,0.18645,0.1019,0.1819,0.1151,0.09955,0.196,0.2169,0.1778,0.1636,0.126
5.505278,0.1162,0.19665,0.0683,0.0937,0.2678,0.232,0.31215,0.18455,0.16295,0.1879,0.2995,0.25995,0.25095,0.19715,0.0851,0.0685,0.03445,0.06695,0.17985,0.10245,0.17475,0.1228,0.0983,0.1976,0.21335,0.17685,0.15775,0.1205
5.671944,0.1241,0.21595,0.06765,0.1056,0.2713,0.25525,0.3209,0.1875,0.16945,0.1923,0.30145,0.2712,0.2548,0.20185,0.09235,0.0686,0.0334,0.0736,0.1862,0.10145,0.1726,0.1196,0.09765,0.1954,0.2082,0.1705,0.1574,0.1253
5.838889,0.1224,0.23245,0.0726,0.11,0.27605,0.27465,0.3254,0.2034,0.1766,0.198,0.30335,0.2829,0.27135,0.21075,0.0875,0.0633,0.03065,0.0747,0.1889,0.1039,0.18015,0.11645,0.0915,0.19495,0.2112,0.16525,0.1634,0.1334
6.005833,0.12495,0.245,0.08095,0.11045,0.28585,0.291,0.33115,0.213,0.191,0.19905,0.3117,0.2908,0.27755,0.2137,0.0916,0.06995,0.03305,0.0609,0.18035,0.1039,0.1768,0.1192,0.09035,0.19575,0.21165,0.1663,0.16395,0.12425
6.172778,0.122,0.25605,0.08955,0.1185,0.29425,0.3073,0.3413,0.2251,0.21075,0.19695,0.31795,0.2975,0.28755,0.2218,0.08775,0.06955,0.03105,0.0597,0.17945,0.10765,0.17355,0.12005,0.0925,0.19575,0.20965,0.1705,0.1647,0.12795
6.339444,0.12565,0.26065,0.0935,0.1188,0.30045,0.31565,0.3488,0.2371,0.22735,0.1949,0.32605,0.3034,0.2873,0.2253,0.0947,0.06835,0.03665,0.0603,0.18335,0.1012,0.17445,0.1215,0.09735,0.19815,0.21025,0.1737,0.16225,0.12485
6.506389,0.12065,0.2643,0.10255,0.12585,0.3111,0.3225,0.3488,0.25265,0.24245,0.1985,0.32845,0.3172,0.2895,0.22875,0.0892,0.06815,0.02905,0.0569,0.18075,0.1093,0.1736,0.1203,0.09845,0.191,0.2151,0.1774,0.16015,0.1229
6.673055,0.12395,0.26275,0.10745,0.1224,0.3236,0.33,0.35145,0.27935,0.263,0.1977,0.31985,0.324,0.29305,0.23025,0.08925,0.06845,0.0313,0.05805,0.1852,0.104,0.1734,0.12,0.08935,0.19205,0.21215,0.1655,0.1599,0.1226
6.839722,0.1322,0.2664,0.11645,0.13315,0.3353,0.3326,0.3513,0.2957,0.2708,0.19505,0.3311,0.3317,0.29605,0.23505,0.08845,0.06075,0.0262,0.05245,0.1824,0.1087,0.1733,0.1217,0.09845,0.19275,0.2135,0.17845,0.16235,0.1359
7.006667,0.1462,0.2593,0.1231,0.13245,0.34685,0.3341,0.3496,0.32295,0.28945,0.1965,0.3245,0.33525,0.295,0.23595,0.0952,0.06255,0.0312,0.04845,0.18005,0.1091,0.1781,0.11655,0.0929,0.19155,0.2114,0.1657,0.1659,0.1327
7.173333,0.15545,0.2601,0.1297,0.12995,0.3508,0.3346,0.34625,0.33695,0.29685,0.1939,0.32065,0.3414,0.2942,0.2375,0.097,0.0657,0.0285,0.05085,0.1874,0.1132,0.1759,0.11225,0.09195,0.1881,0.21345,0.1699,0.15955,0.12575
7.340278,0.1585,0.2513,0.13505,0.13035,0.3555,0.33485,0.35045,0.345,0.3111,0.18625,0.32245,0.33555,0.2928,0.2353,0.0895,0.0691,0.02805,0.0405,0.183,0.1113,0.172,0.11945,0.0884,0.19405,0.21115,0.16725,0.16255,0.13055
7.507222,0.17205,0.25265,0.1336,0.13085,0.3603,0.33715,0.3476,0.36555,0.32405,0.1908,0.318,0.3464,0.2937,0.23815,0.0892,0.0643,0.025,0.0385,0.18235,0.10705,0.1794,0.118,0.09535,0.1853,0.2126,0.16945,0.15945,0.12545
7.674167,0.1864,0.2519,0.1381,0.1252,0.3664,0.3438,0.35115,0.3678,0.3208,0.18645,0.3216,0.34495,0.2929,0.23805,0.0889,0.06825,0.02505,0.03605,0.17815,0.1051,0.1716,0.12565,0.0988,0.1891,0.21375,0.17875,0.1584,0.13275
7.841111,0.19665,0.2469,0.14,0.12025,0.36935,0.3448,0.3499,0.3746,0.32955,0.17885,0.31955,0.33795,0.28875,0.23635,0.09355,0.06805,0.02725,0.03455,0.1825,0.1024,0.1717,0.1199,0.0927,0.19465,0.20805,0.17835,0.16225,0.12485
8.008055,0.209,0.2496,0.13815,0.1175,0.36545,0.3449,0.3431,0.38415,0.33665,0.1798,0.3123,0.33585,0.28415,0.23825,0.092,0.0668,0.0256,0.03325,0.1821,0.1042,0.1763,0.1202,0.09095,0.19195,0.20855,0.16575,0.16625,0.133
8.175,0.22165,0.25755,0.1416,0.12485,0.3558,0.3348,0.3449,0.38315,0.3387,0.17445,0.31195,0.3344,0.2839,0.2369,0.0932,0.06615,0.02075,0.02935,0.17565,0.1115,0.1699,0.1173,0.08835,0.1936,0.20875,0.1682,0.1638,0.12975
8.341667,0.22305,0.25235,0.1376,0.1196,0.3515,0.33635,0.3413,0.3851,0.33325,0.1709,0.31085,0.33775,0.28515,0.24105,0.0917,0.0657,0.0237,0.02785,0.17705,0.10975,0.1672,0.12705,0.0959,0.19455,0.2064,0.1788,0.16055,0.12325
8.508611,0.2276,0.25555,0.14105,0.12165,0.34825,0.3335,0.3395,0.38595,0.3335,0.16825,0.30665,0.3334,0.28105,0.24055,0.09695,0.06255,0.01905,0.0259,0.17635,0.10715,0.16295,0.12565,0.0946,0.1929,0.20525,0.1749,0.1594,0.1216
8.675278,0.22865,0.25595,0.13695,0.1172,0.34675,0.33705,0.34075,0.3924,0.34745,0.16985,0.3033,0.33295,0.2786,0.2388,0.0869,0.0647,0.0177,0.0224,0.1745,0.10485,0.17255,0.12325,0.0913,0.18975,0.2058,0.1675,0.1536,0.12865
8.842222,0.23495,0.26025,0.14075,0.11795,0.34985,0.331,0.33765,0.3867,0.34415,0.1697,0.3029,0.3309,0.27705,0.23645,0.094,0.0622,0.01735,0.01945,0.17635,0.1086,0.1672,0.11875,0.0864,0.1896,0.2053,0.1687,0.1559,0.11985
9.009167,0.2325,0.2605,0.13805,0.1161,0.3464,0.3341,0.33095,0.39305,0.34795,0.1692,0.29855,0.34195,0.28145,0.23855,0.0969,0.05985,0.01795,0.0142,0.17425,0.1071,0.17215,0.13205,0.09725,0.1858,0.20735,0.1778,0.15865,0.1199
9.176111,0.23335,0.25735,0.1324,0.11185,0.33625,0.3368,0.32975,0.3928,0.34575,0.1671,0.29465,0.337,0.2703,0.2354,0.09155,0.0622,0.01805,0.018,0.17595,0.1008,0.1691,0.13275,0.098,0.18425,0.2029,0.17815,0.1585,0.12835
9.342778,0.2365,0.2625,0.13455,0.11195,0.3384,0.33185,0.32975,0.38395,0.33645,0.1577,0.29485,0.32705,0.2705,0.2385,0.0963,0.0576,0.0158,0.01695,0.17665,0.1092,0.16165,0.12185,0.08935,0.18955,0.20155,0.1719,0.1521,0.12915
9.509444,0.23655,0.25785,0.12945,0.10935,0.3341,0.33525,0.3329,0.38765,0.34745,0.16225,0.2931,0.32625,0.2698,0.23775,0.0922,0.0579,0.01325,0.01355,0.17845,0.10355,0.17005,0.1279,0.08835,0.18605,0.2008,0.16725,0.15245,0.12635
9.676111,0.2339,0.26115,0.13095,0.10455,0.32785,0.335,0.3259,0.38665,0.34435,0.15835,0.29035,0.33495,0.26735,0.2344,0.0989,0.0639,0.0165,0.0136,0.1791,0.1031,0.16415,0.1315,0.0946,0.1857,0.20045,0.1773,0.1533,0.12965
9.843055,0.23415,0.2583,0.1342,0.1092,0.33305,0.3286,0.32595,0.38825,0.3483,0.15785,0.28455,0.33455,0.27445,0.23675,0.0931,0.0604,0.0132,0.0141,0.1722,0.1063,0.1661,0.1319,0.09445,0.1823,0.19985,0.17535,0.15705,0.1225
10.009722,0.23345,0.2584,0.12875,0.1096,0.33625,0.32585,0.3261,0.3784,0.33835,0.1481,0.28755,0.32835,0.26345,0.23355,0.0923,0.0565,0.01255,0.01415,0.17405,0.09775,0.16085,0.1221,0.08715,0.19115,0.19885,0.17965,0.15645,0.1327
10.176389,0.2346,0.262,0.1296,0.1099,0.3297,0.32635,0.32495,0.3778,0.3367,0.14735,0.28845,0.31905,0.26685,0.2326,0.0909,0.05065,0.0073,0.00925,0.1709,0.1042,0.1601,0.11965,0.08315,0.18525,0.1978,0.1688,0.15405,0.12985
10.343333,0.24165,0.26815,0.1355,0.1099,0.33095,0.32305,0.3254,0.3803,0.3476,0.1538,0.2836,0.32545,0.2694,0.2349,0.0966,0.0543,0.00945,0.01135,0.1716,0.10145,0.16135,0.12665,0.08575,0.17565,0.1963,0.1686,0.15035,0.11825
10.51,0.23575,0.26285,0.12915,0.10605,0.323,0.32445,0.3231,0.3739,0.33855,0.14305,0.28435,0.3276,0.27105,0.23445,0.09085,0.0507,0.00445,0.00895,0.1734,0.1048,0.15915,0.1238,0.0883,0.1887,0.1941,0.1794,0.1536,0.1209
10.676944,0.2353,0.26095,0.1342,0.1069,0.32345,0.3214,0.3177,0.37395,0.34225,0.14335,0.2845,0.32685,0.2574,0.2301,0.09115,0.05265,0.0051,0.00815,0.1677,0.1005,0.15695,0.12755,0.08905,0.18955,0.19375,0.17905,0.15165,0.12885
10.843889,0.2346,0.2644,0.13085,0.1078,0.32985,0.3249,0.31595,0.3773,0.3485,0.14475,0.28235,0.32825,0.26235,0.23505,0.0909,0.05165,0.00645,0.00685,0.17055,0.09375,0.16105,0.13045,0.09035,0.1868,0.18965,0.17905,0.1516,0.1253
11.010833,0.2383,0.26715,0.13495,0.10905,0.33095,0.32245,0.32475,0.3712,0.3465,0.1428,0.2853,0.31765,0.2603,0.23245,0.09735,0.0515,0.0075,0.0052,0.17075,0.09425,0.1562,0.12065,0.07535,0.18065,0.1938,0.16895,0.14935,0.12
11.1775,0.24225,0.26895,0.13985,0.10355,0.32005,0.32005,0.3224,0.3771,0.3535,0.14335,0.2806,0.32985,0.25755,0.2282,0.098,0.04955,0.0053,0.00485,0.17315,0.1014,0.15565,0.12485,0.082,0.18265,0.18985,0.1788,0.1514,0.1297
11.344167,0.23585,0.27125,0.13815,0.1054,0.3155,0.3161,0.31515,0.37245,0.3456,0.13135,0.28365,0.3202,0.26575,0.23325,0.0863,0.04265,-0.00305,0.00565,0.16745,0.0976,0.1551,0.1209,0.0843,0.1889,0.19205,0.1799,0.15025,0.11605
11.510833,0.23905,0.27075,0.13505,0.10555,0.32735,0.3199,0.32135,0.37355,0.3498,0.1356,0.28605,0.3147,0.25495,0.2286,0.09335,0.042,0.00225,-0.00085,0.16925,0.09075,0.15315,0.1199,0.0755,0.17945,0.18995,0.1684,0.14975,0.123
11.6775,0.2332,0.26795,0.13475,0.1024,0.3222,0.3198,0.3174,0.3712,0.3509,0.13185,0.28145,0.3214,0.2559,0.2285,0.08815,0.0426,-0.00095,-0.0009,0.1717,0.09305,0.151,0.12175,0.08235,0.18715,0.19,0.18105,0.14815,0.1198
11.844444,0.2296,0.2697,0.138,0.11075,0.3245,0.31385,0.31765,0.3706,0.3447,0.1309,0.28285,0.3133,0.2622,0.23205,0.08285,0.04315,-0.0049,0.00145,0.16745,0.0874,0.1512,0.1148,0.0707,0.18175,0.1873,0.171,0.1464,0.11505
12.011389,0.2328,0.27145,0.13595,0.10705,0.3255,0.3144,0.30995,0.3733,0.35405,0.13785,0.27985,0.32545,0.2546,0.22535,0.09035,0.04,-0.0028,-0.0032,0.16665,0.08655,0.1494,0.12605,0.0809,0.1769,0.17935,0.1757,0.14615,0.125
12.178333,0.23645,0.2762,0.139,0.1089,0.3224,0.31145,0.3213,0.37505,0.35305,0.1363,0.28285,0.31865,0.2596,0.22865,0.09105,0.03885,-0.0016,0.0007,0.16515,0.0826,0.15235,0.1186,0.07255,0.17025,0.1813,0.17055,0.1449,0.11525
12.345278,0.2336,0.27175,0.14065,0.10905,0.31855,0.30825,0.31365,0.3729,0.34645,0.12265,0.28145,0.32005,0.25135,0.2241,0.0852,0.0408,-0.00355,0.0004,0.16415,0.08145,0.14905,0.1131,0.0677,0.1865,0.18585,0.182,0.1446,0.12295
12.512222,0.2356,0.27395,0.14125,0.10585,0.3102,0.30735,0.3114,0.376,0.3565,0.1345,0.2811,0.32405,0.25985,0.22645,0.08295,0.0401,-0.005,0.0033,0.1609,0.0855,0.1479,0.124,0.0763,0.1764,0.17435,0.17415,0.1436,0.11485
12.679167,0.2342,0.27065,0.1387,0.1011,0.31605,0.312,0.31275,0.3701,0.34885,0.12215,0.2814,0.31345,0.26075,0.2232,0.08745,0.03475,-0.0067,-0.00585,0.1592,0.0809,0.1485,0.1121,0.0659,0.1841,0.18185,0.1763,0.1379,0.12455
12.845833,0.22575,0.268,0.13815,0.11045,0.31785,0.3054,0.3108,0.37435,0.349,0.1247,0.27675,0.3236,0.2613,0.22555,0.0801,0.03195,-0.0108,-0.0015,0.1614,0.0805,0.1505,0.1149,0.0684,0.18765,0.1833,0.1842,0.13905,0.11615
13.0125,0.2359,0.27475,0.14355,0.10885,0.31995,0.3076,0.30945,0.3698,0.3518,0.1196,0.282,0.31505,0.26085,0.22515,0.09135,0.0343,-0.00575,-0.00635,0.1592,0.08005,0.149,0.11535,0.06985,0.18665,0.1829,0.1783,0.1399,0.1169
13.179444,0.2263,0.2679,0.14055,0.10855,0.31725,0.30385,0.3156,0.3744,0.3567,0.12965,0.27975,0.32465,0.25355,0.22115,0.0812,0.02975,-0.0104,-0.005,0.1597,0.08035,0.14705,0.1226,0.07265,0.1809,0.17185,0.17775,0.139,0.12505
13.346111,0.23315,0.2646,0.1387,0.10595,0.3065,0.3043,0.3057,0.375,0.35665,0.127,0.27845,0.32605,0.2592,0.2253,0.08085,0.0303,-0.01295,0.0004,0.1537,0.08175,0.1448,0.12615,0.0746,0.18365,0.17565,0.18125,0.13175,0.1134
13.513055,0.233,0.27295,0.14045,0.10465,0.31625,0.30285,0.315,0.37305,0.35295,0.12685,0.28475,0.3215,0.2571,0.2258,0.0868,0.0259,-0.01335,-0.0107,0.15905,0.0817,0.1437,0.1202,0.06745,0.17675,0.16955,0.17295,0.1349,0.1125
13.679722,0.2322,0.2704,0.14345,0.1012,0.3141,0.30505,0.3141,0.3719,0.35195,0.1252,0.28425,0.31635,0.256,0.2233,0.08935,0.0313,-0.0114,-0.01205,0.15435,0.07845,0.14245,0.11945,0.06565,0.1745,0.1719,0.171,0.13175,0.11625
13.846389,0.2269,0.2656,0.1418,0.10845,0.31475,0.29875,0.3155,0.37665,0.3548,0.117,0.28045,0.31375,0.24765,0.2217,0.0752,0.028,-0.0174,-0.0069,0.15455,0.07735,0.14375,0.12425,0.06755,0.17655,0.17815,0.17365,0.13765,0.12315
14.013055,0.2227,0.26505,0.1423,0.107,0.30925,0.3016,0.31105,0.37365,0.353,0.11295,0.27925,0.3134,0.2511,0.22875,0.08005,0.02635,-0.01795,-0.00625,0.15335,0.07595,0.1421,0.1165,0.06205,0.1753,0.17665,0.17375,0.13325,0.112
14.18,0.23175,0.2694,0.1442,0.10475,0.30155,0.29845,0.31265,0.37435,0.3518,0.12085,0.28395,0.31405,0.256,0.22405,0.0792,0.02925,-0.01925,-0.00155,0.14995,0.08005,0.1406,0.1194,0.0627,0.1766,0.16785,0.17205,0.12705,0.11665
14.346944,0.23195,0.26825,0.14685,0.10565,0.3113,0.298,0.31305,0.3796,0.3618,0.12365,0.28105,0.3227,0.24425,0.221,0.08515,0.0317,-0.01285,-0.0106,0.15005,0.07835,0.14245,0.1298,0.07195,0.1823,0.1709,0.178,0.13325,0.1207
14.513611,0.23095,0.2688,0.144,0.10675,0.3032,0.2959,0.30745,0.37575,0.36,0.12145,0.28005,0.32395,0.24415,0.22405,0.0815,0.02975,-0.01835,-0.00075,0.15055,0.0799,0.1447,0.13335,0.07225,0.18335,0.1707,0.17965,0.13035,0.11695
14.680555,0.23455,0.2661,0.1445,0.1016,0.30255,0.29685,0.315,0.3765,0.3594,0.119,0.27655,0.3236,0.24645,0.21945,0.0814,0.0262,-0.0216,-0.0027,0.14625,0.0816,0.14425,0.13035,0.0695,0.1834,0.17145,0.1803,0.12945,0.119
14.8475,0.2285,0.268,0.1441,0.1063,0.3038,0.29495,0.30755,0.3727,0.3553,0.1099,0.28085,0.3129,0.25495,0.22355,0.0829,0.0326,-0.02015,-0.0027,0.14775,0.0761,0.14775,0.1239,0.0619,0.17445,0.1742,0.17505,0.1238,0.11825
15.014167,0.23045,0.2678,0.14245,0.10175,0.3038,0.2983,0.31555,0.376,0.35745,0.12145,0.2821,0.32295,0.24365,0.2213,0.08485,0.0273,-0.0225,-0.00285,0.1454,0.0835,0.145,0.1324,0.06825,0.1814,0.1679,0.1773,0.1304,0.11995
15.181111,0.229,0.27045,0.14695,0.1098,0.31065,0.29475,0.31695,0.37665,0.35305,0.11785,0.28405,0.316,0.25435,0.2222,0.0883,0.0327,-0.01915,-0.00895,0.1467,0.0783,0.14295,0.13,0.06575,0.1774,0.16265,0.1717,0.12195,0.11645
15.348055,0.23055,0.2607,0.14515,0.1058,0.31025,0.2953,0.31275,0.38185,0.36155,0.1176,0.27635,0.3229,0.25185,0.22525,0.0821,0.0307,-0.0216,-0.01205,0.14205,0.07805,0.1491,0.1386,0.0705,0.18415,0.1737,0.18095,0.12005,0.1122
15.514722,0.22815,0.25745,0.14215,0.10405,0.3093,0.2949,0.3047,0.3793,0.359,0.11155,0.27445,0.32165,0.2445,0.2283,0.07675,0.02925,-0.026,-0.00745,0.1414,0.08025,0.1543,0.13555,0.066,0.18755,0.17835,0.1842,0.1266,0.11
15.681389,0.2187,0.2602,0.1423,0.10895,0.3069,0.29115,0.31,0.37905,0.3569,0.11535,0.28315,0.3155,0.2364,0.22165,0.079,0.02935,-0.02755,-0.0028,0.1459,0.07855,0.1516,0.1404,0.0715,0.18025,0.1649,0.1732,0.12825,0.11505
15.848333,0.2185,0.26105,0.1428,0.1091,0.30735,0.29665,0.31635,0.3785,0.35285,0.11285,0.2847,0.317,0.23665,0.2216,0.08445,0.0302,-0.0276,-0.00695,0.14175,0.077,0.14985,0.13655,0.0685,0.17925,0.16635,0.17095,0.1257,0.1146
16.015278,0.2282,0.26065,0.14715,0.10305,0.30845,0.2936,0.31085,0.37975,0.35195,0.10285,0.27835,0.3143,0.24335,0.2198,0.08615,0.0372,-0.02565,-0.01165,0.14,0.0781,0.15735,0.13225,0.0628,0.1768,0.1723,0.17295,0.1264,0.1198
16.181944,0.2226,0.25975,0.14415,0.1095,0.305,0.2904,0.3147,0.37945,0.34915,0.1128,0.28375,0.3169,0.249,0.22455,0.0786,0.03375,-0.03185,-0.0028,0.1415,0.07845,0.15475,0.1368,0.06715,0.1815,0.1647,0.1743,0.11705,0.10905
16.348889,0.22525,0.25725,0.1446,0.1025,0.30085,0.28975,0.3145,0.3806,0.3492,0.10755,0.28185,0.3125,0.23415,0.2212,0.0754,0.02855,-0.03585,-0.00445,0.1368,0.0819,0.1551,0.13585,0.0657,0.18,0.16555,0.1711,0.12445,0.1152
16.515833,0.22635,0.26135,0.14755,0.10665,0.3,0.2895,0.3076,0.38565,0.3553,0.11515,0.28425,0.31925,0.2468,0.22205,0.0768,0.0343,-0.03375,0.0002,0.14045,0.08105,0.1664,0.1488,0.0724,0.18215,0.1689,0.17655,0.1198,0.1164
16.682778,0.2298,0.264,0.14675,0.1036,0.2961,0.2893,0.3138,0.37965,0.3465,0.11055,0.28355,0.31775,0.2352,0.22225,0.0794,0.03205,-0.0364,0.0019,0.13875,0.0821,0.1574,0.1405,0.06785,0.18055,0.16765,0.17425,0.1213,0.1082
16.849444,0.22765,0.2605,0.1479,0.1028,0.2939,0.2919,0.30485,0.38235,0.354,0.09995,0.2755,0.3165,0.23405,0.22195,0.0769,0.035,-0.03695,-0.00105,0.13415,0.08195,0.16615,0.13985,0.0641,0.1802,0.1784,0.1813,0.123,0.10955
17.016111,0.22225,0.2624,0.1458,0.1067,0.30215,0.28835,0.3029,0.3813,0.3528,0.1004,0.2774,0.31915,0.2329,0.2223,0.07735,0.0305,-0.0373,0.00195,0.1368,0.08085,0.16905,0.1462,0.06765,0.1787,0.1797,0.17955,0.1226,0.1097
17.183055,0.2258,0.26265,0.1456,0.10195,0.2945,0.28615,0.31635,0.38725,0.3529,0.10955,0.2824,0.3182,0.2438,0.22035,0.07925,0.03505,-0.0364,0.00305,0.1371,0.082,0.16775,0.15275,0.0727,0.18545,0.1737,0.1777,0.1202,0.11435
17.35,0.2177,0.2572,0.14055,0.10435,0.29495,0.2914,0.31595,0.3857,0.35175,0.10985,0.2844,0.319,0.2407,0.22465,0.0787,0.02975,-0.0401,0.0017,0.1318,0.08355,0.16565,0.1509,0.0712,0.18655,0.1752,0.17775,0.1182,0.10555
17.516944,0.2182,0.2592,0.14185,0.1047,0.29805,0.28735,0.3138,0.38825,0.3529,0.1101,0.281,0.32225,0.2392,0.2204,0.08375,0.03525,-0.03565,0.0026,0.1339,0.08015,0.1749,0.1592,0.07465,0.18685,0.17755,0.17925,0.1234,0.1161
17.683611,0.22005,0.2536,0.14145,0.1019,0.2924,0.291,0.30575,0.38505,0.34995,0.1089,0.2806,0.31995,0.23355,0.224,0.076,0.03005,-0.0421,0.00285,0.1289,0.0845,0.1773,0.15725,0.0723,0.18825,0.17825,0.18015,0.125,0.1064
17.850278,0.2276,0.25975,0.1448,0.0991,0.29985,0.2929,0.3122,0.387,0.3492,0.09525,0.27685,0.31845,0.22985,0.2211,0.08285,0.0333,-0.03715,1.00E-04,0.12405,0.08495,0.17995,0.14865,0.0691,0.18445,0.182,0.1793,0.12625,0.10905
18.017222,0.21905,0.25375,0.14,0.10175,0.30035,0.2885,0.3057,0.38825,0.3509,0.1088,0.28115,0.31795,0.23605,0.2207,0.0796,0.03165,-0.0415,-0.00335,0.1238,0.08595,0.1826,0.16165,0.07385,0.18875,0.17725,0.1782,0.12855,0.1154
18.184167,0.22735,0.2589,0.1462,0.09855,0.29345,0.2895,0.3131,0.3887,0.33885,0.0953,0.2725,0.31695,0.24115,0.2219,0.0816,0.0346,-0.0401,0.0059,0.1275,0.0895,0.17975,0.15605,0.0729,0.184,0.18255,0.18045,0.12135,0.11135
18.351111,0.21765,0.25735,0.1409,0.10805,0.3027,0.28695,0.3039,0.38705,0.3466,0.10795,0.2775,0.32095,0.22905,0.2231,0.0807,0.036,-0.03905,0.00385,0.1264,0.08665,0.18585,0.16515,0.07485,0.18905,0.18015,0.18145,0.127,0.10625
18.517778,0.2134,0.25515,0.1404,0.10725,0.3007,0.2874,0.31335,0.3877,0.34125,0.10195,0.28145,0.31055,0.2402,0.22215,0.0829,0.03665,-0.04115,0.00425,0.1256,0.0865,0.1858,0.15455,0.07325,0.1868,0.1701,0.1736,0.1198,0.10855
18.684444,0.2193,0.26005,0.14545,0.10685,0.2975,0.285,0.3097,0.3891,0.34055,0.0977,0.27395,0.3169,0.23625,0.22455,0.0744,0.03295,-0.047,0.00825,0.12575,0.08975,0.19115,0.15885,0.07535,0.1854,0.1833,0.1829,0.1243,0.1011
18.851389,0.2177,0.25655,0.14305,0.1067,0.2996,0.28825,0.30705,0.3885,0.34315,0.09275,0.27625,0.3136,0.2299,0.22185,0.07415,0.03435,-0.04595,0.0034,0.12165,0.08845,0.19195,0.15865,0.077,0.1843,0.1751,0.1748,0.12865,0.1016
19.018333,0.22135,0.26105,0.1446,0.1078,0.29895,0.28475,0.30515,0.3891,0.34415,0.096,0.2735,0.3163,0.2328,0.22455,0.0775,0.0339,-0.04805,0.0066,0.12595,0.09175,0.19285,0.1622,0.07705,0.182,0.1826,0.17945,0.13155,0.10115
19.185278,0.22625,0.26025,0.14685,0.1044,0.29345,0.28485,0.3125,0.38935,0.3422,0.10585,0.28215,0.31615,0.2283,0.2195,0.0782,0.03725,-0.0448,0.01165,0.12745,0.0941,0.1956,0.1729,0.08295,0.18715,0.1761,0.1782,0.13405,0.1095
19.352222,0.22265,0.2619,0.1463,0.10605,0.297,0.2864,0.3186,0.3934,0.33935,0.09835,0.28045,0.3113,0.23235,0.2242,0.07875,0.03905,-0.04195,0.0113,0.1275,0.09525,0.19995,0.16725,0.08335,0.18325,0.1698,0.17335,0.1335,0.0994
19.518889,0.2124,0.2544,0.1397,0.1075,0.30135,0.283,0.3073,0.39015,0.34015,0.0926,0.27345,0.3151,0.2266,0.2199,0.0802,0.03825,-0.0447,0.0036,0.12215,0.0962,0.2011,0.16555,0.0822,0.1817,0.18285,0.18075,0.13325,0.1
19.685555,0.21915,0.25915,0.14455,0.10785,0.30225,0.2837,0.31245,0.38875,0.33815,0.1038,0.28465,0.3147,0.2303,0.2218,0.0809,0.03675,-0.0463,0.0035,0.11895,0.09865,0.20435,0.17765,0.08815,0.1827,0.17415,0.17605,0.1356,0.1013
19.852222,0.2172,0.2585,0.14425,0.1072,0.29535,0.28575,0.31695,0.39235,0.3368,0.09945,0.2789,0.31035,0.23465,0.22295,0.07695,0.03495,-0.0497,0.0147,0.12675,0.1013,0.2093,0.17295,0.0862,0.18005,0.17215,0.1725,0.13375,0.1017